Astrocyte_fold_3	Astrocyte_fold_4	Microglia_fold_3	Microglia_fold_4	AIIamacrine_fold_3	AIIamacrine_fold_4	GABAamacrine_fold_3	GABAamacrine_fold_4	Glyamacrine_fold_3	Glyamacrine_fold_4	Rodbipolar_fold_3	Rodbipolar_fold_4	ONconebipolar_fold_3	ONconebipolar_fold_4	OFFconebipolar_fold_3	OFFconebipolar_fold_4	Horizontal_fold_3	Horizontal_fold_4	Mullerglia_fold_3	Mullerglia_fold_4	Rod_fold_3	Rod_fold_4	Cone_fold_3	Cone_fold_4	Retinalganglioncell_fold_3	Retinalganglioncell_fold_4
0.054495	0.043998	0.07146300000000001	0.101687	0.10017799999999999	0.075667	0.09175599999999998	0.109613	0.08669699999999998	0.07818399999999999	0.07231699999999999	0.095525	0.057876	0.059185999999999996	0.08679599999999998	0.14943	0.10616400000000002	0.11143399999999999	0.11563099999999998	0.112711	0.18589099999999997	0.131992	0.11054499999999999	0.060652999999999985	0.10717200000000002	0.08639599999999997
