Astrocyte_fold_3	Astrocyte_fold_4	Microglia_fold_3	Microglia_fold_4	AIIamacrine_fold_3	AIIamacrine_fold_4	GABAamacrine_fold_3	GABAamacrine_fold_4	Glyamacrine_fold_3	Glyamacrine_fold_4	Rodbipolar_fold_3	Rodbipolar_fold_4	ONconebipolar_fold_3	ONconebipolar_fold_4	OFFconebipolar_fold_3	OFFconebipolar_fold_4	Horizontal_fold_3	Horizontal_fold_4	Mullerglia_fold_3	Mullerglia_fold_4	Rod_fold_3	Rod_fold_4	Cone_fold_3	Cone_fold_4	Retinalganglioncell_fold_3	Retinalganglioncell_fold_4
0.068875	0.057678999999999994	0.098634	0.128506	0.13485799999999998	0.10665899999999999	0.10950900000000001	0.142918	0.11926400000000001	0.09153	0.10338300000000002	0.10946800000000001	0.07730599999999999	0.068536	0.09854400000000003	0.157144	0.122151	0.13355999999999998	0.134271	0.12687100000000004	0.17418599999999998	0.133908	0.12030599999999998	0.07906900000000001	0.130273	0.09862399999999999
